Price,Close,High,Low,Open,Volume
Ticker,165A.T,165A.T,165A.T,165A.T,165A.T
Date,,,,,
2023-04-25,166.6638641357422,171.17624656672757,157.0505276523386,169.70481751314537,59384800
2023-04-26,158.52195739746094,165.68291215613337,157.34481414945998,158.81624320946116,13312000
2023-04-27,157.3448028564453,160.3857560288579,147.92765754832888,156.95242180194046,6863200
2023-04-28,157.24673461914062,160.38578359469426,154.99054316796142,157.05054405816853,2345600
2023-05-01,144.396240234375,157.93338775634766,144.396240234375,157.93338775634766,5094400
2023-05-02,142.72862243652344,145.8676711773954,137.7257635057587,143.90576571435042,2020800
2023-05-08,133.50765991210938,143.70956779664968,133.50765991210938,141.35528136175577,4196000
2023-05-09,136.54861450195312,143.02290225851124,134.09623277598413,136.3524239638756,5690400
2023-05-10,135.86195373535156,140.76671740810795,134.97909627425543,137.33338283717848,2152800
2023-05-11,128.5048065185547,129.58385451222193,125.75813889831078,128.5048065185547,3557600
2023-05-12,120.65718078613281,125.95432530845083,120.65718078613281,125.85623003951902,3081600
2023-05-15,115.9486083984375,121.6381340220495,115.9486083984375,121.6381340220495,2906400
2023-05-16,116.7333755493164,118.98956684144605,115.75242281360786,116.92956609645812,1446400
2023-05-17,123.01146697998047,123.01146697998047,116.73336978164016,117.71432246888084,1872800
2023-05-18,121.049560546875,124.58099019005773,118.98955992168506,123.3057517077973,1309600
2023-05-19,120.55908203125,123.50194001411208,120.26479623296379,122.61908261925346,1580800
2023-05-22,123.60003662109375,126.3467041015625,121.63813127790178,122.22670288085936,1281600
2023-05-23,126.9352798461914,130.56480484952144,123.01146903178054,124.67908862790516,2361600
2023-05-24,125.75813293457031,129.28956256455825,123.6000370495777,127.03337141206596,913600
2023-05-25,123.79623413085938,127.13147340221374,123.69813885817247,127.13147340221374,569600
2023-05-26,118.30289459228516,125.16956343263338,118.20479932313732,124.2867060103029,1310400
2023-05-29,118.00860595703125,121.14765449454164,117.02765328905926,120.65717816055565,800000
2023-05-30,118.69527435302734,120.55908444617405,117.22384533212205,118.20479801272558,540800
2023-05-31,122.12861633300781,125.16956983206262,117.81242426983323,119.2838533822791,820800
2023-06-01,120.95146942138672,123.01147011712811,119.18575453932269,122.12861267609608,698400
2023-06-02,121.3438491821289,122.913373504614,119.57813431933317,122.913373504614,476800
2023-06-05,128.79908752441406,132.23242192148527,123.60003829456338,125.16956259036736,2262400
2023-06-06,133.40957641601562,135.96005361220418,127.52385980942671,128.50481257719153,2205600
2023-06-07,131.54576110839844,135.86195312090368,128.50480764504246,135.37147675584626,1381600
2023-06-08,128.1124267578125,132.3305235040498,126.54290238711954,131.44766604553504,832800
2023-06-09,130.5648193359375,133.11529664828487,127.91624674234598,130.36862877344925,757600
2023-06-12,132.91909790039062,134.97909867965868,130.76100184591934,132.42862152437442,720000
2023-06-13,129.68194580078125,134.68480452683255,128.60289784026037,133.40956602803516,979200
2023-06-14,128.1124267578125,131.0552849528618,127.1314740261294,130.56480858702025,553600
2023-06-15,129.5838623046875,134.39053092916114,126.24862285097109,129.0933859144351,1627200
2023-06-16,129.78004455566406,132.1343310782158,128.30861547906923,130.466711458075,752000
2023-06-19,139.09909057617188,139.09909057617188,129.7800400791787,130.2705164211257,2322400
2023-06-20,145.2790985107422,146.65243232515837,135.1752854475373,138.31433416620288,2768800
2023-06-21,145.67147827148438,146.55433571555398,139.9819525208136,144.29814446959833,1426400
2023-06-22,144.10194396972656,150.0857551216349,141.94384814444814,145.67146820629267,2286400
2023-06-23,138.8048095703125,147.14290767170937,135.37147505797262,145.37719277964885,2336000
2023-06-26,140.37432861328125,143.12099611934127,135.56766047767624,138.8048043241041,645600
2023-06-27,139.7857666015625,140.37433825041117,136.94100363212718,139.7857666015625,472000
2023-06-28,139.6876678466797,143.21909765179237,137.3333813099379,141.1590969321433,536800
2023-06-29,137.23529052734375,142.5324354083134,136.8429094250497,139.78576769225506,787200
2023-06-30,137.23529052734375,138.3143385586524,134.78290863800595,137.23529052734375,382400
2023-07-03,142.5324249267578,142.5324249267578,137.72575677712868,137.72575677712868,778400
2023-07-04,142.5324249267578,144.69052083067294,141.55147224316002,143.21909180527626,720000
2023-07-05,138.70672607421875,142.33625143825418,138.6086307941097,142.33625143825418,676000
2023-07-06,133.99813842773438,137.9219492162478,133.5076620791702,137.9219492162478,1258400
2023-07-07,135.46957397460938,135.66576452345024,131.1533819001106,132.42862046757614,432000
2023-07-10,133.90003967285156,136.7448024204799,133.50765860421316,136.05813555036272,358400
2023-07-11,134.97909545898438,137.23528673482494,133.21338054745695,133.21338054745695,270400
2023-07-12,132.3305206298828,137.0390936396933,131.44766319054335,137.0390936396933,468000
2023-07-13,134.684814453125,135.5676719404361,131.93814671482383,133.21338530760653,371200
2023-07-14,135.0771942138672,138.70671940334657,133.90005090917117,135.86195641699786,786400
2023-07-18,134.48861694335938,136.35242709793548,132.9190926026637,135.07718857112025,456000
2023-07-19,136.8428955078125,136.8428955078125,134.68479966467854,134.88099019587253,265600
2023-07-20,133.50765991210938,136.84289902820908,132.8209930352653,136.84289902820908,326400
2023-07-21,132.8209991455078,133.70385659920763,131.05528423810816,133.6057613265743,412800
2023-07-24,133.40957641601562,133.70386224634507,131.9381472643684,132.82100475535674,256800
2023-07-25,132.722900390625,135.76385376247228,132.722900390625,135.76385376247228,146400
2023-07-26,130.0743408203125,133.6057708878323,129.97624554065916,133.6057708878323,435200
2023-07-27,132.232421875,132.52670768035978,129.58384962676186,129.58384962676186,189600
2023-07-28,129.78004455566406,131.44766417580487,127.52385330488532,131.44766417580487,702400
2023-07-31,130.5648193359375,132.9191060857966,130.17243821096096,132.62482024206423,422400
2023-08-01,130.17242431640625,131.74194864878191,128.70099525480407,130.56480539950016,409600
2023-08-02,127.81814575195312,129.5838607354797,127.32766936764017,129.48576545861712,501600
2023-08-03,125.85623168945312,128.50480398533406,125.85623168945312,127.03337493206686,542400
2023-08-04,126.34671020507812,127.42575819596,125.56194802989131,125.56194802989131,228000
2023-08-07,127.32766723632812,127.32766723632812,123.60004677794564,127.22957196110754,276800
2023-08-08,124.87528228759766,127.52385465347758,124.77718701478729,127.52385465347758,310400
2023-08-09,128.21051025390625,129.48574868795427,124.87527127254985,126.93527181985822,500800
2023-08-10,122.52100372314453,125.85624321600837,121.8343367687314,125.85624321600837,1198400
2023-08-14,119.18576049804688,123.60004792390046,118.30290301287616,123.4038573716403,916000
2023-08-15,118.98956298828125,120.2648015034071,118.49908663630977,120.2648015034071,304800
2023-08-16,115.36003875732422,118.4990874309929,115.3600387573242,118.4990874309929,947200
2023-08-17,113.88861083984375,114.67337301617343,110.25908577431902,113.79051556780254,753600
2023-08-18,113.59432220458984,114.77146543987058,112.02479789088221,113.98670328301677,296000
2023-08-21,116.04670715332031,116.83146933187193,113.49623007302756,113.49623007302756,222400
2023-08-22,116.1447982788086,117.22384623579077,114.18289290247738,117.02765569815766,359200
2023-08-23,118.40099334716797,118.40099334716797,114.28099192166586,115.36003991405926,184800
2023-08-24,117.91051483154297,118.40099118275572,116.63527631838984,118.40099118275572,151200
2023-08-25,116.4390869140625,117.91051598205824,116.34099164286279,117.32194435485994,218400
2023-08-28,117.32195281982422,117.71433393293401,116.53719059360466,116.92957170671444,91200
2023-08-29,119.08766174316406,119.18575701642861,117.2238515511376,117.32194682440215,193600
2023-08-30,118.89147186279297,122.03052062484691,118.89147186279297,122.03052062484691,206400
2023-08-31,121.3438491821289,121.63813499259486,118.89146742824595,118.89146742824595,188000
2023-09-01,120.65718078613281,121.14765713079188,119.18575175215558,121.14765713079188,284800
2023-09-04,122.42290496826172,122.42290496826172,120.26480888709044,120.65718999275794,289600
2023-09-05,124.18861389160156,124.18861389160156,121.5400415574205,122.61908954542018,308000
2023-09-06,125.36576080322266,126.24861827366789,123.79623641132004,125.56195135221049,448800
2023-09-07,124.58100128173828,127.13147847333292,123.60004851574034,126.34671626053456,392800
2023-09-08,122.91338348388672,124.77719376815953,122.4229070932886,124.09052682132219,267200
2023-09-11,121.8343276977539,122.91337568863578,121.34385133826214,122.71718514483908,285600
2023-09-12,122.42290496826172,125.07147743151738,121.63814275692671,121.63814275692671,221600
2023-09-13,121.93242645263672,123.40385557314319,121.93242645263672,122.61909337553973,125600
2023-09-14,122.12861633300781,122.6190927038231,121.14766359137722,121.24575886554028,400000
2023-09-15,124.28671264648438,124.48290319525547,121.83433078684578,123.40385517701449,240000
2023-09-19,122.42290496826172,124.87528687868362,122.03052386259421,124.581001049433,210400
2023-09-20,120.75527954101562,122.61908970452438,120.75527954101562,122.61908970452438,204000
2023-09-21,117.12576293945312,120.26481186245354,116.73338182407807,119.77433546823472,337600
2023-09-22,117.61624145507812,118.1067178581435,114.18290663362046,114.18290663362046,343200
2023-09-25,120.65718078613281,120.65718078613281,118.10670379390561,119.38194229001921,140800
2023-09-26,118.79337310791016,121.34385015234093,118.79337310791016,121.049564339522,201600
2023-09-27,121.44194793701172,121.54004320998183,118.30289920196779,119.18575665869889,302400
2023-09-28,119.67623901367188,121.0495729039927,118.00861928971086,120.16671540307216,159200
2023-09-29,118.69527435302734,120.65717971423442,116.73336899182029,120.65717971423442,250400
2023-10-02,116.4390869140625,120.75527884684999,116.04670582926364,119.67623086365312,255200
2023-10-03,111.5343246459961,116.14480244578661,111.04384828431625,115.94861190111467,719200
2023-10-04,106.43336486816406,110.1609850202288,105.84479326520646,109.376222882952,752000
2023-10-05,111.92670440673828,112.02479967790983,107.80670301753318,108.88575100042023,286400
2023-10-06,112.71147155761719,113.39813848616664,109.47432746588406,111.92670935356067,351200
2023-10-10,114.28099822998047,114.28099822998047,111.63242573881354,113.79052184272734,228000
2023-10-11,111.73051452636719,114.28099159193835,108.5914658302796,114.28099159193835,316000
2023-10-12,113.00575256347656,113.00575256347656,110.65146605173746,111.63241876496208,161600
2023-10-13,109.67051696777344,112.31908938112754,108.88575477122409,112.31908938112754,274400
2023-10-16,107.80670166015625,109.67051178894876,107.5124158503469,109.67051178894876,284000
2023-10-17,109.08193969726562,110.45527347043264,107.90479646312248,107.90479646312248,174400
2023-10-18,111.24004364013672,111.92671057618695,109.08194755540744,109.18004283198604,136800
2023-10-19,109.96479797363281,111.04384594661227,109.08194054119508,109.86670270336195,168800
2023-10-20,108.29718017578125,109.96479979805325,107.31622745679773,109.96479979805325,293600
2023-10-23,103.78479766845703,107.80670381628948,103.49051185276198,105.9428936502208,420800
2023-10-24,102.60765075683594,105.45241354072527,98.29145894679695,104.56955612503548,880800
2023-10-25,104.66765594482422,105.15813230820203,102.50955994596187,105.15813230820203,320000
2023-10-26,99.76289367675781,102.11718025320047,99.07622675862869,101.23432278703447,701600
2023-10-27,102.70574951171875,102.70574951171875,99.86098663126045,100.15527244648027,308800
2023-10-30,100.1552734375,101.62670252815867,99.56670180123653,100.6457498010529,216800
2023-10-31,103.68670654296875,103.68670654296875,99.46860968265877,100.15527661340691,184800
2023-11-01,103.29431915283203,104.66765293074243,102.80384280357832,103.88289077193649,192800
2023-11-02,107.80670166015625,107.80670166015625,103.98098613263478,104.66765302218991,166400
2023-11-06,110.84765625,112.80956167035399,109.08194137168142,109.08194137168142,338400
2023-11-07,111.82860565185547,112.02479618808678,110.06289082577354,110.25908136200486,259200
2023-11-08,110.45527648925781,112.80956302188852,109.96480012829308,111.926705572152,387200
2023-11-09,112.31908416748047,112.90765578757207,105.64860580644233,108.100987556824,541600
2023-11-10,108.68955993652344,111.04384643334345,107.70860722951511,111.04384643334345,484800
2023-11-13,110.45527648925781,111.63241975557317,109.47432376732834,111.63241975557317,191200
2023-11-14,109.67051696777344,111.33813663544083,109.18004059493009,110.74956498802882,205600
2023-11-15,115.55623626708984,115.65433154405682,111.63242518841108,111.63242518841108,561600
2023-11-16,113.69242095947266,115.55623113913614,112.0248013250369,114.96765950345294,232000
2023-11-17,115.06575775146484,115.06575775146484,112.80956642300474,114.67337665086308,191200
2023-11-20,117.61624145507812,118.69528954182196,115.2619547203643,115.2619547203643,487200
2023-11-21,119.97052001953125,120.06861529346382,117.51813817121703,120.06861529346382,374400
2023-11-22,117.32195281982422,119.77433477676036,116.831476428437,119.77433477676036,229600
2023-11-24,116.34099578857422,119.87242567760345,116.3409957885742,118.69528238126037,166400
2023-11-27,116.83147430419922,119.28385621654597,115.65433098627277,116.04671209224826,163200
2023-11-28,114.86956024169922,116.83146562584437,114.6733697032847,116.83146562584437,112800
2023-11-29,114.77146911621094,116.5371840256911,114.77146911621094,114.86956438895983,92800
2023-11-30,115.36003875732422,115.7524198415328,112.8095617099684,114.57527658890704,226400
2023-12-01,111.338134765625,115.55623150123898,111.33813476562499,115.55623150123898,152000
2023-12-04,112.80956268310547,113.00575322690217,110.84765724513842,111.33813360463019,213600
2023-12-05,110.16099548339844,111.53432935407305,109.37623327158438,110.9457576952125,179200
2023-12-06,111.1419448852539,112.2209928938486,109.67051578262476,109.67051578262476,157600
2023-12-07,108.19908142089844,109.67051045200766,105.84479497112368,109.57241518326704,393600
2023-12-08,107.12004089355469,109.57242278214339,106.53146924029339,109.57242278214339,264000
2023-12-11,107.31623077392578,109.0819457226741,106.04099219982977,107.8067071485781,211200
2023-12-12,107.41432189941406,108.59146515310627,106.5314644591449,108.59146515310627,181600
2023-12-13,106.2371826171875,108.78765976219846,105.64861096833882,107.80670701411732,261600
2023-12-14,106.82575225830078,109.86670572019916,105.94289480162061,107.6105144420165,296000
2023-12-15,107.12004089355469,108.10099364899017,105.9428975870321,106.82575506692403,290400
2023-12-18,106.33528137207031,107.610519986311,104.47147108971852,107.610519986311,248800
2023-12-19,106.62956237792969,107.12003874581345,105.1581332742784,106.53146710435293,215200
2023-12-20,106.62956237792969,108.59146784946473,106.43337183077618,106.72765765150643,404800
2023-12-21,102.31336975097656,106.0409901254129,99.95908319870097,105.94289485240142,583200
2023-12-22,102.90193939208984,104.07908264538354,101.82289140990396,102.41146303655081,384000
2023-12-25,101.92098999023438,104.96194349331162,100.54765615013497,104.76575294472599,524000
2023-12-26,101.92098999023438,103.29432383033378,101.13622779589186,101.72479944164874,664000
2023-12-27,109.27812957763672,109.47432011547808,101.13622225722034,102.50955602210985,832000
2023-12-28,115.7524185180664,116.63527594744149,108.78765435299631,112.22098880056608,973600
2023-12-29,116.04670715332031,117.7143267827425,112.31908680520014,114.67337334085498,631200
2024-01-04,121.93242645263672,123.30576029844276,112.31908953199441,113.79051865250088,1264000
2024-01-05,115.26194763183594,121.14766410665308,114.67337598435421,121.14766410665308,1047200
2024-01-09,115.55623626708984,119.57814262273558,114.67337877438712,118.20480874519801,599200
2024-01-10,114.28099822998047,116.14480850154239,113.49623601037545,115.26195100448675,736800
2024-01-11,114.86956024169922,116.73337035663712,114.08479808804115,115.45813185694277,494400
2024-01-12,120.3628921508789,120.95146375063871,112.22098502086835,115.94860515268041,902400
2024-01-15,120.16671752929688,121.73624200314892,117.42004970005581,120.06862224968113,613600
2024-01-16,117.2238540649414,121.63814145650825,116.0467107605236,120.16671232598597,687200
2024-01-17,118.40099334716797,120.65718460399056,115.16384936998773,117.71432644291761,692800
2024-01-18,124.67909240722656,125.46385459389676,118.79337600720014,120.06861456053919,1716000
2024-01-19,123.01146697998047,126.34670611659877,122.71718117380827,125.46384869808216,895200
2024-01-22,124.97338104248047,127.52385820661272,123.99242828704499,125.56195269574175,568800
2024-01-23,127.4257583618164,131.3495692428577,125.16956710521765,127.52385363384244,1230400
2024-01-24,129.5838623046875,130.36862452909136,126.54290868512254,127.42576618757688,789600
2024-01-25,130.0743408203125,132.13434169303238,127.52386354932598,129.48576914239254,759200
2024-01-26,131.741943359375,134.88099189809427,129.78003802267543,131.93813389304495,1408000
2024-01-29,130.76100158691406,134.1943362122269,130.07433466185148,132.428621262066,878400
2024-01-30,129.28956604003906,131.74194779345407,128.60289914908287,130.27051874140506,594400
2024-01-31,130.5648193359375,131.2514863046464,126.83719864866053,129.2895806797638,550400
2024-02-01,125.9543228149414,130.27051456249393,125.85622754795158,128.504799756677,644000
2024-02-02,124.38480377197266,127.32766190537895,124.2867085008591,125.95432810978934,431200
2024-02-05,130.8590850830078,130.8590850830078,124.77717857989951,124.77717857989951,697600
2024-02-06,131.05528259277344,132.62480693520186,129.48575825034501,130.8590920499699,421600
2024-02-07,135.46957397460938,136.05814562113193,130.17242915590631,131.1533819001106,1197600
2024-02-08,120.3628921508789,125.56194128209046,117.91051048521308,121.8343211502784,2119200
2024-02-09,120.65718078613281,122.12860982011004,117.02765583565564,119.18575175215558,888000
2024-02-13,122.42290496826172,124.28671522018237,118.89147501725417,121.04957109842545,612000
2024-02-14,127.52385711669922,127.52385711669923,121.14766426086426,122.61909338144156,580800
2024-02-15,122.52100372314453,127.42576768323839,121.73624148952952,126.24862433281587,532800
2024-02-16,128.5048065185547,129.48575924007037,123.30575709452155,123.7962334552794,640000
2024-02-19,134.1943359375,135.17528868558114,128.40671472382127,128.50480999862938,829600
2024-02-20,132.42861938476562,135.07719177246094,131.44766664858219,131.74195246943722,413600
2024-02-21,128.9952850341797,131.64385742651646,128.11242757006744,131.5457621527262,279200
2024-02-22,132.42861938476562,135.27338231969765,129.58385644983363,132.42861938476562,735200
2024-02-26,137.4314727783203,140.668616676739,132.52670929586776,134.19432887990163,974400
2024-02-27,139.39337158203125,140.3743242321511,137.6276568118155,138.21622840188743,765600
2024-02-28,141.3553009033203,143.3172065369542,139.7857763964132,140.96291977659354,697600
2024-02-29,138.02005004882812,143.12100427948843,138.02005004882812,142.140051542823,443200
2024-03-01,137.23529052734375,140.17814879454912,136.35243304718213,138.51052910979942,524000
2024-03-04,137.3333740234375,143.70956638881137,134.88099234444755,136.2543260846819,871200
2024-03-05,136.8428955078125,139.00099135094646,135.9600381174395,136.15622864863352,486400
2024-03-06,137.9219512939453,140.27623780251906,135.469569514181,136.842903310849,337600
2024-03-07,136.74481201171875,142.63052845411698,134.8810018049593,138.31433639635827,589600
2024-03-08,134.39051818847656,139.68766270101506,133.60575603847087,136.9409951759951,470400
2024-03-11,130.8590850830078,133.11527620512865,129.58384662267866,131.84003774479947,840800
2024-03-12,134.684814453125,134.684814453125,128.7010025946832,128.99528842378686,222400
2024-03-13,135.0771942138672,137.62767137404188,134.09624145995386,134.68481311230184,336800
2024-03-14,132.13433837890625,138.60862667364108,131.44767143855557,136.35243529820318,404000
2024-03-15,127.9162368774414,131.44766672988612,126.64099831961416,129.68195180366376,642400
2024-03-18,129.09336853027344,129.68194011931723,126.6409869092576,126.6409869092576,469600
2024-03-19,129.4857635498047,130.36862102855335,128.40671552022297,129.68195410063774,350400
2024-03-21,133.99813842773438,135.6657580128526,130.17242290893375,131.34956614548778,497600
2024-03-22,133.21337890625,135.66576069760217,132.4286167330173,133.50766472121225,300000
2024-03-25,128.89718627929688,133.21337820950163,128.89718627929688,131.9381396846684,372800
2024-03-26,126.9352798461914,128.60289944231602,124.8752791686257,126.73908930547086,292000
2024-03-27,126.05242156982422,129.48575600946924,126.05242156982423,127.32766007597809,207200
2024-04-01,139.4691619873047,144.77093773391286,139.36096248227187,144.77093773391286,226400
2024-04-02,130.05580139160156,142.71514312439473,129.8394023876222,142.71514312439473,591200
2024-04-03,128.32461547851562,134.1673888645526,128.32461547851562,129.8394085785993,429600
2024-04-04,126.48522186279297,128.75741147709465,124.64583027026305,128.75741147709465,368800
2024-04-05,122.80644226074219,126.70162457033402,122.80644226074219,126.48522555313447,479200
2024-04-08,125.61962890625,129.83940972222223,122.9146412037037,122.9146412037037,422400
2024-04-09,127.1344223022461,129.40661197743518,125.51142967711104,128.54101591069647,387200
2024-04-10,130.4886016845703,131.67879622729856,126.26882103307923,127.24261656803871,331200
2024-04-11,132.97718811035156,135.14117815283083,128.1082105147732,130.1640010551285,339200
2024-04-12,127.24262237548828,132.21979978133223,126.80982434019751,132.21979978133223,214400
2024-04-15,124.64582824707031,129.2984069055981,124.42942923969693,126.05242179499733,200000
2024-04-16,123.88843536376953,126.05242550112794,123.13103881569408,124.53763240497706,224800
2024-04-17,124.2130355834961,124.86223263358404,122.2654444332322,123.45563902506014,196000
2024-04-18,125.83602905273438,127.134423161619,123.67203887126001,124.2130364166286,126400
2024-04-19,120.64244842529297,124.97042863785954,119.23585485620883,124.42943111128871,339200
2024-04-22,121.2916488647461,122.26544443993139,117.72106508906668,119.56045673108335,322400
2024-04-23,119.34405517578125,121.39984579077658,119.34405517578125,120.75064875446226,134400
2024-04-24,121.07524871826172,124.10483492390188,119.99325364481881,121.18344822560601,254400
2024-04-25,117.3964614868164,121.39984312277235,117.3964614868164,121.39984312277235,276800
2024-04-26,117.18006896972656,118.69486210506929,115.77347534405118,116.85547044072455,151200
2024-04-30,118.9112548828125,120.64244694662051,117.8292598429325,119.12765389078851,156800
2024-05-01,116.74726867675781,118.04566276769488,116.74726867675781,117.50466522980443,128000
2024-05-02,115.77347564697266,117.61286731613016,114.36688201761692,116.74727123652663,313600
2024-05-07,119.34405517578125,119.56045418788602,116.63906752447161,116.63906752447161,154400
2024-05-08,119.12765502929688,121.0752461196941,117.93746047405412,119.344054039341,146400
2024-05-09,117.3964614868164,119.12765354560817,115.88166843537361,119.12765354560817,228000
2024-05-10,117.3964614868164,117.3964614868164,115.55706992435016,117.3964614868164,183200
2024-05-13,116.09806823730469,116.2062677417197,114.15047715783453,115.55707071522964,220800
2024-05-14,114.04228210449219,116.31447178589099,113.71768357857806,116.0980727686149,200000
2024-05-15,112.31108856201172,115.23247525871145,111.9864900401562,114.04228067857451,432000
2024-05-16,114.25868225097656,114.47508127039129,111.66189401799981,113.28488666361028,202400
2024-05-17,116.63906860351562,116.74726811056898,112.52748733548817,112.63568684254153,200000
2024-05-20,118.3702621459961,120.20965378811852,116.74726952059395,116.74726952059395,284000
2024-05-21,117.3964614868164,118.80305503458472,115.88166843537361,118.26205751621228,94400
2024-05-22,114.4750747680664,117.18006235710389,114.1504762573819,115.3406707965584,155200
2024-05-23,113.93408203125,117.39646629050925,113.71768301504629,117.39646629050925,120000
2024-05-24,114.4750747680664,115.44887030011989,113.39307973245141,115.44887030011989,100800
2024-05-27,117.61286163330078,118.47845767108036,113.60947995857022,113.60947995857022,193600
2024-05-28,117.93746185302734,121.07524753535559,116.31446925871963,118.91125740961196,114400
2024-05-29,115.12427520751953,117.07186632945124,114.69147718042359,116.42266928880734,87200
2024-05-30,114.69147491455078,115.12427293309626,112.85208333573252,114.69147491455078,153600
2024-05-31,116.63906860351562,117.61286416699582,114.90787649066196,114.90787649066196,104000
2024-06-03,119.01945495605469,119.77685148759322,114.79967428034003,116.31446734341708,446400
2024-06-04,121.1834487915039,121.29164829935347,118.6948601109641,119.12765814236232,203200
2024-06-05,115.77347564697266,119.88505702508945,115.77347564697266,119.66865800518856,96000
2024-06-06,115.01607513427734,116.96366624661694,113.93408007186645,116.09807019668823,132000
2024-06-07,116.09806823730469,116.09806823730469,114.47507567107955,115.55707071522964,35200
2024-06-10,117.72106170654297,118.69485725374783,116.7472661593381,118.69485725374783,109600
2024-06-11,116.42266845703125,118.26206005904754,115.7734714210255,117.72106252904275,92000
2024-06-12,116.85546875,118.26206235532406,115.23247612847221,115.77347366898148,89600
2024-06-13,114.4750747680664,117.82925937847288,114.2586757609434,117.82925937847288,90400
2024-06-14,114.5832748413086,115.77346938640245,111.2290902142259,111.2290902142259,196000
2024-06-17,116.63906860351562,116.9636671246757,112.41928782843482,115.12427550476868,156800
2024-06-18,115.4488754272461,116.63907001927957,114.04228181847928,116.63907001927957,150400
2024-06-19,115.01607513427734,115.34067365300061,113.93408007186645,114.69147661555407,74400
2024-06-20,116.63906860351562,116.63906860351562,114.69147747655526,115.44887402592873,148800
2024-06-21,116.53086853027344,117.07186606291167,115.01607543888642,116.96366655638401,128800
2024-06-24,117.3964614868164,117.3964614868164,115.9898679390481,116.85546396844398,136000
2024-06-25,118.47846221923828,119.12765927249437,117.50466663935413,118.80306074586632,151200
2024-06-26,120.64244842529297,121.61624397312045,117.93746079243887,117.93746079243887,205600
2024-06-27,119.34405517578125,122.26544183919566,119.34405517578125,122.15724233314327,154400
2024-06-28,118.80306243896484,120.96705264732486,118.47846390771085,119.34405999105485,132800
2024-07-01,117.07186889648438,121.50804877148978,116.09807331416611,121.50804877148978,197600
2024-07-02,119.23585510253906,121.18344620221757,117.07186499178518,117.07186499178518,203200
2024-07-03,122.48184204101562,123.23923859073922,119.2358568279145,119.2358568279145,204000
2024-07-04,122.59004211425781,123.88843620549444,121.5080470382273,123.45563817508223,153600
2024-07-05,124.53763580322266,124.8622343326837,121.3998500184325,121.83264805771391,190400
2024-07-08,125.94422912597656,128.75741637449494,125.18683255906777,125.94422912597656,299200
2024-07-09,124.53763580322266,126.70162599962966,123.34744119519881,126.70162599962966,201600
2024-07-10,124.42943572998047,126.05242836993673,123.13104161801546,125.94422886060633,122400
2024-07-11,127.0262222290039,127.02622222900389,124.42943404033602,124.97043157964183,152800
2024-07-12,129.19021606445312,130.48861019575415,126.26882926902579,127.24262486750158,224000
2024-07-16,134.05918884277344,135.14118391010817,130.48860512056882,130.48860512056882,254400
2024-07-17,132.3280029296875,134.7083921892567,130.7050102527085,134.7083921892567,176000
2024-07-18,129.94760131835938,132.54438935469628,127.4590127835365,132.3279903516682,237600
2024-07-19,126.80982208251953,130.380405810099,126.26882454803778,128.43281468596473,180800
2024-07-22,124.42943572998047,126.70162542591925,123.56383965533713,126.70162542591925,255200
2024-07-23,125.40322875976562,126.80982235241184,123.34743812435964,123.8884356599928,83200
2024-07-24,124.2130355834961,125.18683115862802,122.69824246662418,124.42943460019207,128000
2024-07-25,122.15724182128906,123.99663341647233,120.20965072050679,122.15724182128906,197600
2024-07-26,122.59004211425781,124.4294337435097,121.2916480230212,122.26544359144866,224000
2024-07-29,124.64582824707031,124.9704267581304,122.04904015858969,123.67203271389008,92000
2024-07-30,122.6982421875,125.51142939814814,122.37364366319444,124.75403284143518,64800
2024-07-31,122.59004211425781,124.2130347283036,121.39984753062424,122.80644112946392,60000
2024-08-01,117.28826904296875,122.26544651158181,116.74727149203254,122.26544651158181,397600
2024-08-02,107.00931549072266,112.52749050591663,107.00931549072266,112.52749050591663,806400
2024-08-05,96.08116149902344,105.27811952539392,93.1597748318234,100.51734125291978,777600
2024-08-06,103.87152862548828,106.79291536808014,97.48775759538016,100.95014188289643,459200
2024-08-07,100.8419418334961,106.79291479577321,100.625542816686,101.92393691754648,252000
2024-08-08,104.3043212890625,105.71091483341708,101.81573271058902,101.81573271058902,104800
2024-08-09,107.00931549072266,108.41590912204661,104.41252724827842,106.9011159806208,187200
2024-08-13,111.12089538574219,113.60948408474128,107.11751356561321,107.65851110887388,172800
2024-08-14,111.6618881225586,112.20288564253222,108.84870101869568,112.20288564253222,60800
2024-08-15,110.36349487304688,112.4192854638193,109.2814998252719,111.66188893037683,73600
2024-08-16,111.98648834228516,113.71768043260067,111.44549081406156,113.2848824100218,81600
2024-08-19,111.6618881225586,115.66526977036351,111.55368861856387,112.0946861385375,132800
2024-08-20,114.69147491455078,115.66527045627811,111.66188878473247,111.66188878473247,130400
2024-08-21,112.96028900146484,114.69148117006968,112.96028900146484,114.69148117006968,44800
2024-08-22,145.42013549804688,145.42013549804688,145.42013549804688,145.42013549804688,228800
2024-08-23,154.7252960205078,167.70923694530566,151.91210882013496,161.21726648290675,16767200
2024-08-26,149.7481231689453,153.4269065415928,146.6103373510989,152.45311094295081,2780000
2024-08-27,156.24008178710938,159.91886487627954,148.44971759827843,152.5612986979392,2009600
2024-08-28,152.7777099609375,159.48607966177187,149.63992413312786,156.88929139048113,1513600
2024-08-29,151.69570922851562,155.26629296927243,149.42351957530676,150.3973151409677,937600
2024-08-30,157.10568237304688,158.94507397107841,150.0727144982204,151.58750757895226,1286400
2024-09-02,157.6466827392578,157.7548822469718,152.77770489212907,154.72529603098056,676800
2024-09-03,158.40408325195312,169.6568323354252,158.07948472069913,158.94508080404313,2440800
2024-09-04,155.26629638671875,161.10906990928518,153.10230619317565,154.61709932865583,1091200
2024-09-05,156.24008178710938,162.29925393397787,152.1285006874486,153.21049571367513,759200
2024-09-06,158.7286834716797,163.4894619807144,156.45649372873132,160.1352771220763,748000
2024-09-09,163.81405639648438,164.78785197612,153.85970158243117,153.85970158243117,986400
2024-09-10,162.8402557373047,165.43704386866372,160.67626562783886,164.57144782487737,589600
2024-09-11,165.00424194335938,170.08961858030224,162.29925437051742,165.4370399550141,1231200
2024-09-12,178.42098999023438,180.15218213083097,166.0862459884838,167.92563763786765,2185600
2024-09-13,168.14202880859375,176.47339059640694,167.7092307936424,175.71599407024212,1344000
2024-09-17,172.57821655273438,175.71600230823864,167.70923865626224,173.22741360559732,720000
2024-09-18,173.552001953125,182.31616165275287,172.36180742601505,176.25698951473854,1617600
2024-09-19,180.90957641601562,180.90957641601562,174.52580547789066,176.36519710413006,804800
2024-09-20,189.34913635253906,193.5689171055385,180.69317583356585,182.31616843087335,2244000
2024-09-24,174.20120239257812,194.75910826499418,171.17161626401153,192.05412065020258,2548800
2024-09-25,172.57821655273438,177.23079543158553,170.73882490295603,176.68979788753308,948000
2024-09-26,175.1750030517578,175.2832025595106,169.98142667962418,174.30940698973555,998400
2024-09-27,192.0,200.0,185.0,199.0,918800
2024-09-30,186.0,192.0,180.0,185.0,603200
2024-10-01,186.0,193.0,181.0,187.0,517300
2024-10-02,179.0,189.0,179.0,188.0,640400
2024-10-03,178.0,187.0,178.0,178.0,591700
2024-10-04,185.0,188.0,179.0,179.0,430900
2024-10-07,191.0,193.0,188.0,189.0,274300
2024-10-08,189.0,192.0,185.0,190.0,386100
2024-10-09,193.0,201.0,189.0,189.0,890900
2024-10-10,193.0,194.0,190.0,193.0,246400
2024-10-11,192.0,196.0,189.0,192.0,496100
2024-10-15,189.0,194.0,186.0,194.0,237600
2024-10-16,187.0,190.0,184.0,188.0,283000
2024-10-17,186.0,190.0,184.0,188.0,170000
2024-10-18,183.0,186.0,179.0,186.0,336200
2024-10-21,181.0,186.0,180.0,184.0,200300
2024-10-22,183.0,183.0,178.0,182.0,145100
2024-10-23,174.0,180.0,170.0,180.0,525500
2024-10-24,172.0,175.0,170.0,171.0,285300
2024-10-25,165.0,170.0,160.0,169.0,817700
2024-10-28,177.0,177.0,165.0,165.0,271900
2024-10-29,176.0,176.0,170.0,172.0,319700
2024-10-31,175.0,176.0,172.0,173.0,180700
2024-11-01,170.0,174.0,170.0,173.0,210000
2024-11-06,168.0,175.0,165.0,168.0,676200
2024-11-07,169.0,170.0,161.0,167.0,518800
2024-11-08,174.0,180.0,167.0,167.0,388400
2024-11-11,172.0,174.0,170.0,171.0,155100
2024-11-12,173.0,178.0,172.0,172.0,212500
2024-11-13,172.0,177.0,170.0,175.0,159700
2024-11-14,174.0,176.0,170.0,173.0,288700
2024-11-15,177.0,177.0,171.0,175.0,265400
2024-11-18,178.0,181.0,174.0,175.0,222700
2024-11-19,178.0,179.0,174.0,179.0,208300
2024-11-20,178.0,179.0,174.0,177.0,192600
2024-11-21,181.0,182.0,177.0,178.0,208800
2024-11-22,179.0,182.0,175.0,181.0,256400
2024-11-25,184.0,187.0,181.0,184.0,473200
2024-11-26,178.0,185.0,176.0,184.0,299400
2024-11-27,174.0,176.0,173.0,176.0,213800
2024-11-28,177.0,177.0,173.0,173.0,150000
2024-11-29,178.0,178.0,175.0,175.0,136800
2024-12-02,182.0,183.0,174.0,178.0,280000
2024-12-03,184.0,187.0,182.0,183.0,257700
2024-12-04,183.0,185.0,182.0,184.0,180800
2024-12-05,182.0,188.0,181.0,184.0,188400
2024-12-06,182.0,184.0,179.0,183.0,243700
2024-12-09,183.0,184.0,180.0,184.0,351400
2024-12-10,184.0,185.0,181.0,185.0,303000
2024-12-11,189.0,190.0,182.0,185.0,343400
2024-12-12,192.0,192.0,188.0,190.0,286500
2024-12-13,193.0,198.0,190.0,196.0,455000
2024-12-16,187.0,195.0,186.0,195.0,443200
2024-12-17,185.0,190.0,185.0,188.0,236100
2024-12-18,173.0,176.0,167.0,175.0,1455500
2024-12-19,172.0,174.0,166.0,169.0,598600
2024-12-20,171.0,174.0,170.0,172.0,348900
2024-12-23,167.0,171.0,166.0,169.0,1040200
2024-12-24,172.0,177.0,167.0,168.0,2680000
2024-12-25,173.0,175.0,172.0,173.0,471500
2024-12-26,182.0,184.0,175.0,176.0,712500
2024-12-27,185.0,188.0,182.0,182.0,360000
2024-12-30,182.0,189.0,181.0,187.0,615300
2025-01-06,191.0,192.0,182.0,184.0,487000
2025-01-07,191.0,193.0,189.0,191.0,377600
2025-01-08,193.0,196.0,190.0,193.0,413700
2025-01-09,191.0,193.0,187.0,193.0,350200
2025-01-10,190.0,191.0,187.0,190.0,176500
2025-01-14,185.0,188.0,184.0,188.0,374900
2025-01-15,185.0,188.0,183.0,187.0,182800
2025-01-16,183.0,188.0,183.0,186.0,134500
2025-01-17,180.0,182.0,180.0,182.0,142200
2025-01-20,180.0,182.0,179.0,180.0,138300
2025-01-21,178.0,181.0,178.0,181.0,168000
2025-01-22,178.0,181.0,178.0,179.0,98900
2025-01-23,178.0,180.0,177.0,178.0,227100
2025-01-24,180.0,182.0,177.0,178.0,286400
